{
  "method": "intercept_slope",
  "intercept": -0.003364113560159771,
  "slope": 0.9762038631629589
}