{
  "method": "intercept_slope",
  "intercept": 0.026468573343281267,
  "slope": 1.0534011945076245
}